[{"Uid":"55d482194bdc2d1d4e8b456b","count":6,"inRaid":false},
{"Uid":"5eff135be0d3331e9d282b7b","count":1,"inRaid":true},
{"Uid":"5b4c72b386f7745b453af9c0","count":1,"inRaid":false},
{"Uid":"590a3b0486f7743954552bdb","count":5,"inRaid":true},
{"Uid":"5bc9b355d4351e6d1509862a","count":1,"inRaid":true},
{"Uid":"59e36c6f86f774176c10a2a7","count":2,"inRaid":true},
{"Uid":"5a29284f86f77463ef3db363","count":1,"inRaid":false},
{"Uid":"5e54f79686f7744022011103","count":1,"inRaid":true},
{"Uid":"590a3c0a86f774385a33c450","count":8,"inRaid":true},
{"Uid":"590c5d4b86f774784e1b9c45","count":5,"inRaid":false},
{"Uid":"5d3ec50586f774183a607442","count":1,"inRaid":false},
{"Uid":"59e7715586f7742ee5789605","count":4,"inRaid":true},
{"Uid":"5ab8f20c86f7745cdb629fb2","count":1,"inRaid":true},
{"Uid":"5c0530ee86f774697952d952","count":3,"inRaid":false},
{"Uid":"593aa4be86f77457f56379f8","count":1,"inRaid":false},
{"Uid":"5c052fb986f7746b2101e909","count":1,"inRaid":true},
{"Uid":"5bc9b9ecd4351e3bac122519","count":1,"inRaid":true},
{"Uid":"5ed515c8d380ab312177c0fa","count":2,"inRaid":true},
{"Uid":"58d3db5386f77426186285a0","count":10,"inRaid":false},
{"Uid":"5b43575a86f77424f443fe62","count":4,"inRaid":true},
{"Uid":"56742c324bdc2d150f8b456d","count":3,"inRaid":true},
{"Uid":"5913877a86f774432f15d444","count":1,"inRaid":false},
{"Uid":"5ad7247386f7747487619dc3","count":1,"inRaid":false},
{"Uid":"590c621186f774138d11ea29","count":5,"inRaid":true},
{"Uid":"5e2af47786f7746d404f3aaa","count":10,"inRaid":true},
{"Uid":"59faf98186f774067b6be103","count":2,"inRaid":true},
{"Uid":"590dde5786f77405e71908b2","count":1,"inRaid":false},
{"Uid":"5efdaf6de6a30218ed211a48","count":2,"inRaid":true},
{"Uid":"5938878586f7741b797c562f","count":2,"inRaid":false},
{"Uid":"5c06782b86f77426df5407d2","count":5,"inRaid":true},
{"Uid":"5af04e0a86f7743a532b79e2","count":1,"inRaid":false},
{"Uid":"5e54f76986f7740366043752","count":1,"inRaid":true},
{"Uid":"573476d324597737da2adc13","count":5,"inRaid":true},
{"Uid":"59e7643b86f7742cbf2c109a","count":2,"inRaid":true},
{"Uid":"5b4c81a086f77417d26be63f","count":1,"inRaid":false},
{"Uid":"59e7635f86f7742cbf2c1095","count":4,"inRaid":false},
{"Uid":"5ed5160a87bb8443d10680b5","count":1,"inRaid":true},
{"Uid":"5ed51652f6c34d2cc26336a1","count":1,"inRaid":true},
{"Uid":"5bc9c29cd4351e003562b8a3","count":1,"inRaid":true},
{"Uid":"5c052f6886f7746b1e3db148","count":1,"inRaid":true},
{"Uid":"5d357d6b86f7745b606e3508","count":1,"inRaid":false},
{"Uid":"5ae9a0dd86f7742e5f454a05","count":1,"inRaid":false},
{"Uid":"5e54f62086f774219b0f1937","count":1,"inRaid":true},
{"Uid":"5448bd6b4bdc2dfc2f8b4569","count":5,"inRaid":false},
{"Uid":"5c052e6986f7746b207bc3c9","count":1,"inRaid":true},
{"Uid":"5751487e245977207e26a315","count":6,"inRaid":false},
{"Uid":"5bc9b720d4351e450201234b","count":1,"inRaid":true},
{"Uid":"5937fd0086f7742bf33fc198","count":1,"inRaid":false},
{"Uid":"5780cfa52459777dfb276eb1","count":1,"inRaid":false},
{"Uid":"5939e5a786f77461f11c0098","count":2,"inRaid":false},
{"Uid":"591093bb86f7747caa7bb2ee","count":1,"inRaid":false},
{"Uid":"5e2af4a786f7746d3f3c3400","count":20,"inRaid":true},
{"Uid":"5c12688486f77426843c7d32","count":6,"inRaid":true},
{"Uid":"5c0e874186f7745dc7616606","count":1,"inRaid":true},
{"Uid":"5c05308086f7746b2101e90b","count":2,"inRaid":true},
{"Uid":"5e2af29386f7746d4159f077","count":5,"inRaid":true},
{"Uid":"569668774bdc2da2298b4568","count":50000,"inRaid":false},
{"Uid":"5e99735686f7744bfc4af32c","count":1,"inRaid":true},
{"Uid":"5b4c81bd86f77418a75ae159","count":1,"inRaid":false},
{"Uid":"5bc9c049d4351e44f824d360","count":1,"inRaid":true},
{"Uid":"5e2af4d286f7746d4159f07a","count":10,"inRaid":true},
{"Uid":"5913915886f774123603c392","count":1,"inRaid":false},
{"Uid":"545cdb794bdc2d3a198b456a","count":2,"inRaid":false},
{"Uid":"57e26fc7245977162a14b800","count":5,"inRaid":true},
{"Uid":"5ac620eb86f7743a8e6e0da0","count":1,"inRaid":false},
{"Uid":"5bc9bdb8d4351e003562b8a1","count":1,"inRaid":true},
{"Uid":"5ed515e03a40a50460332579","count":1,"inRaid":true},
{"Uid":"5c1d0dc586f7744baf2e7b79","count":1,"inRaid":false},
{"Uid":"5a38e6bac4a2826c6e06d79b","count":4,"inRaid":false},
{"Uid":"5a294d8486f774068638cd93","count":1,"inRaid":false},
{"Uid":"5644bd2b4bdc2d3b4c8b4572","count":3,"inRaid":false},
{"Uid":"5af04c0b86f774138708f78e","count":1,"inRaid":false},
{"Uid":"5ae9a3f586f7740aab00e4e6","count":1,"inRaid":false},
{"Uid":"5ed5166ad380ab312177c100","count":1,"inRaid":true},
{"Uid":"590c5bbd86f774785762df04","count":1,"inRaid":true},
{"Uid":"5b4c72fb86f7745cef1cffc5","count":1,"inRaid":false},
{"Uid":"5bc9c1e2d4351e00367fbcf0","count":1,"inRaid":true},
{"Uid":"5b4335ba86f7744d2837a264","count":3,"inRaid":false},
{"Uid":"5c06779c86f77426e00dd782","count":5,"inRaid":true},
{"Uid":"5a0448bc86f774736f14efa8","count":1,"inRaid":false},
{"Uid":"5d0379a886f77420407aa271","count":10,"inRaid":true},
{"Uid":"59fafb5d86f774067a6f2084","count":2,"inRaid":true},
{"Uid":"59e3556c86f7741776641ac2","count":2,"inRaid":true},
{"Uid":"591afe0186f77431bd616a11","count":2,"inRaid":false},
{"Uid":"5ae9a1b886f77404c8537c62","count":1,"inRaid":false},
{"Uid":"5734770f24597738025ee254","count":5,"inRaid":true},
{"Uid":"5a6860d886f77411cd3a9e47","count":1,"inRaid":false},
{"Uid":"5bd073a586f7747e6f135799","count":1,"inRaid":true},
{"Uid":"5648a69d4bdc2ded0b8b457b","count":2,"inRaid":true},
{"Uid":"59e763f286f7742ee57895da","count":1,"inRaid":false},
{"Uid":"5b3b713c5acfc4330140bd8d","count":1,"inRaid":true},
{"Uid":"5bc9b156d4351e00367fbce9","count":1,"inRaid":true},
{"Uid":"5e2af41e86f774755a234b67","count":10,"inRaid":true},
{"Uid":"573478bc24597738002c6175","count":2,"inRaid":true},
{"Uid":"5d02778e86f774203e7dedbe","count":2,"inRaid":true},
{"Uid":"5733279d245977289b77ec24","count":4,"inRaid":true},
{"Uid":"57347ca924597744596b4e71","count":3,"inRaid":true},
{"Uid":"59e3639286f7741777737013","count":2,"inRaid":true},
{"Uid":"5ab8e79e86f7742d8b372e78","count":2,"inRaid":false},
{"Uid":"5ae9a18586f7746e381e16a3","count":1,"inRaid":false},
{"Uid":"5939e9b286f77462a709572c","count":1,"inRaid":false},
{"Uid":"5a687e7886f7740c4a5133fb","count":1,"inRaid":false},
{"Uid":"593965cf86f774087a77e1b6","count":1,"inRaid":false},
{"Uid":"59e7708286f7742cbd762753","count":7,"inRaid":false},
{"Uid":"5ae9a4fc86f7746e381e1753","count":1,"inRaid":false},
{"Uid":"5d08d21286f774736e7c94c3","count":1,"inRaid":true},
{"Uid":"5a29357286f77409c705e025","count":1,"inRaid":false},
{"Uid":"590c62a386f77412b0130255","count":1,"inRaid":false},
{"Uid":"5ed515f6915ec335206e4152","count":2,"inRaid":true},
{"Uid":"590a358486f77429692b2790","count":3,"inRaid":true},
{"Uid":"5bc9c377d4351e3bac12251b","count":1,"inRaid":true},
{"Uid":"590de71386f774347051a052","count":3,"inRaid":true},
{"Uid":"5c1d0c5f86f7744bb2683cf0","count":1,"inRaid":true},
{"Uid":"5c05300686f7746dce784e5d","count":1,"inRaid":true},
{"Uid":"5bc9bc53d4351e00367fbcee","count":1,"inRaid":true},
{"Uid":"573476f124597737e04bf328","count":5,"inRaid":true},
{"Uid":"5a29276886f77435ed1b117c","count":1,"inRaid":false},
{"Uid":"5a294d7c86f7740651337cf9","count":1,"inRaid":false},
{"Uid":"590c5f0d86f77413997acfab","count":5,"inRaid":false},
{"Uid":"59e35cbb86f7741778269d83","count":4,"inRaid":true},
{"Uid":"5938188786f77474f723e87f","count":1,"inRaid":false},
{"Uid":"593a87af86f774122f54a951","count":1,"inRaid":false},
{"Uid":"57347d7224597744596b4e72","count":15,"inRaid":true},
{"Uid":"572b7fa524597762b747ce82","count":7,"inRaid":true},
{"Uid":"5af0534a86f7743b6f354284","count":3,"inRaid":false},
{"Uid":"590de7e986f7741b096e5f32","count":2,"inRaid":true},
{"Uid":"573477e124597737dd42e191","count":3,"inRaid":true},
{"Uid":"5696686a4bdc2da3298b456a","count":14500,"inRaid":false},
{"Uid":"57347cd0245977445a2d6ff1","count":4,"inRaid":true},
{"Uid":"59f32c3b86f77472a31742f0","count":14,"inRaid":true},
{"Uid":"590a3efd86f77437d351a25b","count":3,"inRaid":true},
{"Uid":"59e3658a86f7741776641ac4","count":1,"inRaid":true},
{"Uid":"5d03794386f77420415576f5","count":1,"inRaid":true},
{"Uid":"5447a9cd4bdc2dbd208b4567","count":3,"inRaid":false},
{"Uid":"59faf7ca86f7740dbe19f6c2","count":1,"inRaid":true},
{"Uid":"5b4c72c686f77462ac37e907","count":1,"inRaid":false},
{"Uid":"5bd073c986f7747f627e796c","count":1,"inRaid":true},
{"Uid":"5b43237186f7742f3a4ab252","count":1,"inRaid":false},
{"Uid":"57347da92459774491567cf5","count":3,"inRaid":false},
{"Uid":"5ae9a25386f7746dd946e6d9","count":1,"inRaid":false},
{"Uid":"5aa2b9ede5b5b000137b758b","count":7,"inRaid":false},
{"Uid":"5910922b86f7747d96753483","count":1,"inRaid":false},
{"Uid":"544fb45d4bdc2dee738b4568","count":5,"inRaid":false},
{"Uid":"54491c4f4bdc2db1078b4568","count":2,"inRaid":false},
{"Uid":"5734779624597737e04bf329","count":8,"inRaid":true},
{"Uid":"5ed515ece452db0eb56fc028","count":1,"inRaid":true},
{"Uid":"59f32bb586f774757e1e8442","count":7,"inRaid":false},
{"Uid":"5c94bbff86f7747ee735c08f","count":3,"inRaid":true},
{"Uid":"5e54f6af86f7742199090bf3","count":1,"inRaid":true},
{"Uid":"59e358a886f7741776641ac3","count":2,"inRaid":true},
{"Uid":"544fb3f34bdc2d03748b456a","count":8,"inRaid":true},
{"Uid":"5449016a4bdc2d6f028b456f","count":1400000,"inRaid":false}]